선수명,IP,E,March_score,kWAR_score
강경학,273.0,4.0,1468.641,147.829
강로한,709.6700000000001,20.0,3910.467,449.71700000000004
강민국,245.67000000000002,9.0,1487.254,171.30599999999998
강민호,842.0,8.0,6661.904,832.738
강백호,622.6600000000001,3.0,1549.2720000000002,127.42099999999999
강승호,94.0,1.0,566.587,59.352999999999994
강진성,135.67000000000002,1.0,276.60699999999997,26.608999999999998
고명성,59.0,2.0,330.434,36.45
고승민,185.0,2.0,1091.13,109.113
고장혁,94.33,4.0,254.854,33.128
고종욱,524.67,3.0,1022.057,102.206
공민규,119.0,2.0,233.002,0.0
구본혁,273.33,1.0,1442.548,184.777
구자욱,870.33,2.0,2156.243,172.499
국해성,80.0,2.0,171.055,14.044
권희동,785.3299999999999,4.0,1790.107,155.383
김강민,947.33,3.0,3279.183,374.764
김경호,74.0,0.0,190.17000000000002,19.534
김규민,520.0,1.0,1041.356,104.586
김대한,52.0,1.0,164.104,18.498
김도환,299.67,1.0,2385.373,298.172
김동엽,130.33,1.0,252.319,25.232
김동한,177.32999999999998,2.0,953.0,105.36600000000001
김문호,185.66,1.0,531.097,55.010999999999996
김민성,841.67,6.0,3282.513,492.377
김민수,193.32999999999998,1.0,1175.3319999999999,155.434
김민식,260.0,3.0,2050.88,256.36
김민하,346.0,2.0,766.55,76.572
김민혁,903.0,4.0,2060.053,215.58900000000003
김병희,17.0,0.0,68.0,10.2
김사훈,6.0,0.0,48.0,6.0
김상수,993.0,10.0,5856.714,585.671
김선빈,912.67,10.0,6169.599,698.688
김성욱,775.0,2.0,2638.116,297.528
김성현,1143.67,26.0,7637.428,872.849
김성훈,192.66,3.0,1086.487,120.044
김영환,28.0,0.0,176.0,18.4
김용의,507.0,5.0,1048.38,14.4
김웅빈,20.0,0.0,94.0,12.0
김은성,23.0,1.0,111.414,12.341
김응민,29.33,0.0,234.64,29.33
김인태,160.0,0.0,355.0,32.0
김인환,97.0,1.0,191.866,0.0
김재성,17.0,0.0,136.0,17.0
김재율,19.0,0.0,76.0,11.4
김재현,154.67000000000002,0.0,466.175,46.733999999999995
김재호,993.33,10.0,6814.244,778.771
김재환,1010.0,0.0,2020.0,202.0
김종민,50.67,0.0,405.36,50.67
김주찬,604.3399999999999,6.0,1196.829,13.134
김주형,6.0,0.0,18.0,1.8
김준완,38.33,0.0,65.0,5.2
김준태,236.0,2.0,1871.008,233.876
김지수,141.32999999999998,2.0,694.0,82.916
김진곤,50.33,0.0,121.16,13.065999999999999
김진형,39.0,0.0,78.0,0.0
김찬형,372.33,3.0,2494.48,286.502
김창평,126.0,0.0,760.0,76.4
김창혁,6.0,0.0,48.0,6.0
김철호,1.0,0.0,0.0,0.0
김태군,71.33,0.0,570.64,71.33
김태균,223.33,1.0,444.427,0.0
김태근,6.0,0.0,0.0,0.0
김태연,15.33,1.0,45.66,5.55
김태진,720.0,3.0,2302.392,262.562
김하성,1086.33,20.0,6602.3369999999995,785.83
김헌곤,970.0,0.0,2023.5,204.60000000000002
김현수,1041.33,1.0,2080.985,166.4
김형준,286.67,1.0,2284.187,285.523
김혜성,890.3299999999999,15.0,5529.874,598.641
김호재,79.0,0.0,467.0,53.599999999999994
김회성,272.34,2.0,731.989,57.462
나경민,119.67,0.0,368.175,39.334
나성범,201.66000000000003,0.0,664.48,72.39800000000001
나종덕,556.67,5.0,4408.826,551.103
나주환,528.0,1.0,2774.424,278.04200000000003
나지완,78.0,0.0,164.0,15.600000000000001
남태혁,13.0,0.0,26.0,0.0
노수광,896.0,3.0,2302.4880000000003,234.149
노시환,431.66999999999996,7.0,1443.574,140.98000000000002
노진혁,800.0,5.0,4624.252,569.7819999999999
러프,780.33,5.0,1549.735,0.0
로맥,1180.33,4.0,2475.92,38.391
로하스,1087.67,6.0,3229.893,357.60699999999997
류승현,309.66999999999996,1.0,933.0840000000001,59.774
류지혁,691.0,11.0,3824.39,430.931
류형우,29.0,0.0,80.0,6.6
모창민,545.0,5.0,1080.19,0.0
문규현,153.0,3.0,658.486,86.523
문상철,105.33,4.0,203.287,0.0
문선재,133.32999999999998,2.0,268.28499999999997,17.666
민병헌,799.0,2.0,2745.375,311.7
박건우,1002.33,3.0,2530.037,209.003
박경수,983.67,9.0,5807.588,580.759
박계범,415.34000000000003,9.0,2390.958,278.591
박동원,608.0,1.0,4854.272,606.784
박민석,3.0,0.0,14.0,1.6
박민우,928.33,9.0,5475.29,547.529
박병호,906.67,6.0,1802.46,0.0
박석민,475.33,11.0,1743.51,261.527
박세혁,1071.67,8.0,8496.2,1062.025
박승규,62.0,0.0,183.0,19.0
박승욱,552.0,5.0,2149.594,181.675
박용택,25.67,0.0,49.34,4.934
박유연,2.0,0.0,16.0,2.0
박정권,42.33,0.0,84.66,0.0
박정음,208.33,0.0,490.66,50.266
박준태,126.34,0.0,332.685,29.002000000000002
박준혁,8.0,0.0,0.0,0.0
박지규,45.0,1.0,236.98,25.698
박찬도,92.67,0.0,237.17000000000002,20.799999999999997
박찬호,1141.0,16.0,5649.993,734.27
박한결,29.0,0.0,203.0,23.2
박한이,64.33,1.0,146.328,12.383
박해민,1162.33,2.0,4025.0879999999997,456.506
박헌욱,27.0,0.0,77.5,8.0
배성근,113.0,3.0,566.8,62.547000000000004
배영섭,159.67000000000002,0.0,331.84000000000003,31.334000000000003
배정대,213.33,1.0,647.867,71.337
백동훈,139.0,0.0,384.995,38.266
백승민,53.0,1.0,104.304,0.0
백승현,77.0,1.0,402.4,48.56
백용환,104.33,2.0,817.113,102.139
백창수,106.67,0.0,226.175,21.334
베탄코트,386.33000000000004,10.0,1333.763,118.25
변우혁,135.0,1.0,264.138,0.0
샌즈,1073.0,5.0,2566.502,183.055
서건창,481.0,6.0,2822.508,282.251
서상우,6.0,0.0,12.0,0.0
서예일,15.33,0.0,62.0,7.8
손시헌,344.33,4.0,2362.104,269.955
손아섭,1066.67,4.0,2626.675,210.134
손주인,88.67,4.0,333.389,30.183
송광민,974.0,16.0,3697.304,554.596
송민섭,182.99,0.0,465.14,44.464
송성문,659.0,7.0,3057.333,379.51800000000003
송승환,1.0,0.0,0.0,0.0
송준석,116.0,1.0,265.75,25.18
스몰린스키,455.67,3.0,1115.252,89.22
신민재,189.32999999999998,0.0,996.655,102.932
신범수,126.67,1.0,1005.253,125.657
신본기,942.67,15.0,6323.249,723.0
신성현,115.34,2.0,282.408,16.576
신용수,54.33,4.0,296.76,32.43
심우준,1039.99,11.0,7009.965,802.905
아수아헤,385.67,3.0,2281.624,228.162
안상현,293.0,6.0,1740.1689999999999,178.25
안승한,119.0,2.0,932.008,116.501
안중열,381.67,5.0,3004.506,375.563
안치영,13.0,0.0,60.0,7.800000000000001
안치홍,805.33,11.0,4405.453,425.345
양성우,301.33000000000004,0.0,617.6600000000001,58.666
양의지,723.33,2.0,5769.28,721.16
양종민,119.67,4.0,404.862,52.629000000000005
예진원,18.0,0.0,40.5,3.6
오선우,120.67,0.0,296.675,22.934
오선진,981.67,12.0,6659.623,760.8430000000001
오윤석,482.66,5.0,1674.967,112.62299999999999
오재원,484.0,7.0,2821.464,281.48
오재일,1044.0,4.0,2079.648,0.0
오정환,76.0,1.0,374.097,41.544
오준혁,1.0,0.0,0.0,0.0
오지환,1101.0,12.0,7560.567,864.065
오태곤,793.6700000000001,9.0,1587.983,16.384999999999998
윌리엄슨,296.33000000000004,2.0,688.809,60.864
윌슨,534.67,4.0,1900.6,249.189
유강남,968.33,7.0,7684.667,960.583
유민상,285.0,3.0,564.3,0.0
유영준,10.0,0.0,24.0,1.2
유장혁,137.32999999999998,0.0,331.65999999999997,35.066
유재신,155.67000000000002,1.0,337.166,32.417
유한준,388.67,2.0,934.671,74.774
윤석민,308.66999999999996,5.0,820.429,69.633
윤수강,6.0,1.0,38.4,4.8
윤진호,250.32999999999998,2.0,1319.535,155.89
윤해진,3.0,0.0,0.0,0.0
이대형,6.0,0.0,19.5,2.2
이대호,147.67,1.0,293.568,0.0
이동훈,72.33,0.0,189.16,20.066
이명기,1027.3400000000001,2.0,2553.98,244.78799999999998
이범호,15.0,0.0,40.0,3.0
이상호,523.0,5.0,2055.613,195.358
이성곤,40.0,0.0,95.5,8.0
이성규,82.0,3.0,432.608,53.230999999999995
이성열,551.0,5.0,1254.114,75.194
이성우,210.0,3.0,1648.08,206.01
이우성,268.33000000000004,1.0,552.9359999999999,56.394000000000005
이원석,739.0,13.0,2722.952,406.84299999999996
이원재,528.67,4.0,1051.222,31.934
이유찬,33.67,1.0,171.434,19.277
이인행,37.0,0.0,92.5,7.4
이인혁,21.0,0.0,55.0,5.0
이재원,1041.0,6.0,8278.032,1034.754
이정후,1142.0,2.0,2884.098,290.201
이정훈,32.0,0.0,256.0,32.0
이준수,141.67,2.0,1111.826,138.978
이지영,605.0,3.0,4810.96,601.37
이진영,40.0,0.0,104.5,9.6
이찬건,6.0,0.0,21.0,2.4
이창열,15.0,0.0,36.0,5.4
이창진,1017.33,5.0,3594.452,406.937
이천웅,1070.3400000000001,1.0,3690.13,420.339
이학주,938.33,19.0,6278.323,716.837
이해창,103.33,1.0,815.894,101.987
이현동,7.0,1.0,11.673,0.934
이현석,9.0,0.0,72.0,9.0
이형종,756.33,2.0,1883.255,182.84199999999998
이흥련,91.0,0.0,728.0,91.0
임병욱,904.67,4.0,3118.85,356.44
임재현,11.0,0.0,10.0,1.0
임지열,30.0,2.0,91.63,12.495
장성우,911.67,5.0,7242.306,905.288
장승현,119.0,0.0,952.0,119.0
장영석,732.33,10.0,2388.04,292.803
장운호,25.0,0.0,55.5,5.0
장진혁,742.66,3.0,2052.75,216.425
전민수,131.0,0.0,301.0,27.0
전민재,1.0,0.0,4.0,0.6
전병우,100.66,2.0,312.476,21.762
전준우,1165.0,4.0,2318.764,232.726
전준호,24.0,0.0,192.0,24.0
정근우,559.0,6.0,1611.5130000000001,137.831
정범모,103.0,1.0,814.936,101.867
정병곤,77.67,1.0,461.643,49.273
정보근,89.67,0.0,717.36,89.67
정상호,64.0,0.0,512.0,64.0
정수빈,1012.67,3.0,3508.902,401.017
정은원,1192.67,13.0,7027.212,702.721
정의윤,376.0,1.0,821.72,74.05799999999999
정주현,972.0,13.0,5686.2,568.62
정준혁,24.0,0.0,44.0,4.4
정진기,42.0,0.0,101.5,8.2
정진호,271.33,0.0,713.16,70.066
정현,111.66,0.0,704.3,75.99600000000001
정훈,414.0,4.0,1042.011,63.381
조셉,357.0,4.0,706.86,0.0
조용호,328.0,0.0,891.6700000000001,84.934
조홍석,125.66,0.0,345.48,33.998
주효상,66.0,1.0,519.024,64.878
지석훈,397.0,5.0,1954.047,250.26999999999998
지성준,186.33,0.0,1490.64,186.33
채은성,886.33,2.0,2193.667,175.493
채태인,342.33,1.0,682.606,0.0
최경모,47.0,2.0,284.408,30.741
최민재,6.0,0.0,15.0,1.2
최선호,28.0,0.0,61.0,5.8
최승민,24.33,0.0,85.155,9.732
최승준,26.0,0.0,52.0,0.0
최영진,611.6700000000001,8.0,1842.2089999999998,196.761
최원준,501.0,6.0,1719.173,224.517
최윤석,32.0,2.0,185.969,21.254
최재훈,1022.67,6.0,8124.09,1015.511
최정,1154.33,14.0,4409.072,661.361
최정민,14.0,0.0,27.0,3.0
최정용,36.0,1.0,182.726,17.4
최주환,522.0,3.0,2961.348,295.925
최준우,78.0,0.0,456.0,45.6
최진행,267.0,0.0,534.0,53.4
최항,313.0,3.0,1712.4,164.64
최형우,350.0,0.0,700.0,70.0
추재현,4.0,0.0,10.0,0.8
터커,768.0,4.0,1712.09,149.992
페게로,233.0,6.0,469.904,8.8
페르난데스,117.0,3.0,227.682,0.0
하주석,38.0,2.0,242.858,27.755
한동민,772.67,4.0,1889.178,151.134
한동희,401.0,9.0,1394.225,193.044
한승택,702.0,5.0,5571.072,696.384
한준수,39.0,0.0,312.0,39.0
해즐베이커,84.0,1.0,267.863,30.327
허경민,1083.0,8.0,4211.04,631.056
허도환,242.33,2.0,1923.131,240.391
허일,163.32999999999998,1.0,465.352,46.765
허정협,107.0,0.0,229.0,21.4
호잉,1040.34,2.0,3014.803,293.225
홍재호,49.0,1.0,290.91999999999996,29.792
홍창기,52.0,0.0,136.5,13.4
황대인,48.0,0.0,100.0,1.2
황윤호,297.66999999999996,6.0,1534.647,177.799
황재균,1026.67,11.0,4123.564,602.866
황진수,10.33,0.0,37.32,5.598
